event_id,user_id,event_date,session_duration,feature_used
1,35,2025-08-01,100.33,Exports
2,32,2025-08-22,66.6,Billing
3,25,2025-11-03,61.48,API
4,9,2025-05-22,92.95,Billing
5,44,2025-09-17,32.79,Dashboard
6,37,2025-06-02,100.66,Exports
7,20,2025-08-17,65.09,Analytics
8,43,2025-10-10,91.78,Billing
9,59,2025-06-14,104.48,Integrations
10,74,2025-07-16,28.79,Billing
11,6,2025-06-12,89.62,Billing
12,50,2025-12-06,95.29,API
13,64,2025-01-19,16.02,Analytics
14,13,2025-08-14,12.87,Exports
15,2,2025-03-15,49.79,API
16,10,2025-08-29,94.0,User Management
17,44,2025-11-16,83.43,Reporting
18,43,2025-12-12,103.26,Billing
19,41,2025-11-17,86.53,Exports
20,70,2025-01-19,74.48,Integrations
21,81,2025-12-17,110.59,Integrations
22,96,2025-02-16,52.64,Reporting
23,98,2025-11-21,84.76,Reporting
24,57,2025-03-27,83.59,Dashboard
25,6,2025-06-16,95.74,User Management
26,46,2025-07-11,52.25,Integrations
27,68,2025-07-30,68.35,API
28,22,2025-03-31,10.4,Billing
29,80,2025-12-16,29.66,API
30,30,2025-08-25,76.91,Exports
31,33,2025-12-08,2.12,Exports
32,37,2025-12-13,66.05,Reporting
33,57,2025-06-26,118.53,User Management
34,82,2025-08-06,83.15,Exports
35,39,2025-04-12,119.93,Exports
36,14,2025-05-02,46.38,Analytics
37,74,2025-06-01,119.13,User Management
38,3,2025-12-04,48.1,Dashboard
39,73,2025-12-18,93.62,Dashboard
40,78,2025-09-12,100.11,User Management
41,100,2025-04-28,73.24,Analytics
42,29,2025-11-22,23.63,User Management
43,87,2025-12-04,82.02,API
44,81,2025-02-19,108.51,Dashboard
45,40,2025-08-14,4.97,Analytics
46,94,2025-03-09,11.73,User Management
47,42,2025-08-01,21.9,API
48,70,2025-07-07,64.17,User Management
49,22,2025-05-12,109.77,Exports
50,38,2025-06-23,96.7,Exports
51,10,2025-03-14,90.74,Integrations
52,87,2025-12-12,117.61,Analytics
53,12,2025-07-22,2.66,Reporting
54,59,2025-07-08,81.07,User Management
55,75,2025-07-15,98.87,Analytics
56,14,2025-12-12,28.82,Dashboard
57,80,2025-10-15,40.03,Integrations
58,83,2025-02-02,76.61,Exports
59,90,2025-06-04,78.26,Reporting
60,18,2025-01-24,113.61,User Management
61,64,2025-03-01,12.57,API
62,50,2025-08-21,45.15,Billing
63,76,2025-03-21,106.36,Reporting
64,63,2025-11-12,49.57,User Management
65,5,2025-12-20,45.09,Exports
66,57,2025-05-01,102.8,Reporting
67,88,2025-07-08,65.79,Analytics
68,8,2025-07-23,33.83,Reporting
69,59,2025-02-16,79.87,Dashboard
70,7,2025-06-20,29.98,API
71,73,2025-04-16,9.16,Integrations
72,76,2025-04-21,97.75,Integrations
73,43,2025-03-17,94.85,Dashboard
74,36,2025-03-16,118.52,User Management
75,23,2025-02-26,79.67,Dashboard
76,17,2025-01-08,43.63,Integrations
77,76,2025-06-15,2.88,User Management
78,7,2025-03-06,89.26,Reporting
79,96,2025-02-02,57.67,Analytics
80,66,2025-10-31,13.98,Integrations
81,79,2025-01-23,87.54,User Management
82,59,2025-11-26,115.72,Dashboard
83,62,2025-07-25,51.73,Reporting
84,63,2025-12-31,109.25,Reporting
85,11,2025-06-14,73.39,Reporting
86,17,2025-05-21,75.29,Analytics
87,49,2025-11-02,64.14,Exports
88,65,2025-11-06,52.19,Reporting
89,84,2025-11-30,105.45,Integrations
90,56,2025-08-20,106.68,Billing
91,44,2025-08-21,48.45,Reporting
92,41,2025-08-07,38.19,User Management
93,48,2025-03-20,82.73,Exports
94,9,2025-02-16,99.98,Reporting
95,56,2025-02-19,89.61,Analytics
96,17,2025-10-12,8.14,Analytics
97,86,2025-03-04,49.89,Billing
98,93,2025-01-27,116.24,User Management
99,46,2025-02-23,69.77,Integrations
100,20,2025-12-03,58.38,Reporting
101,45,2025-10-12,44.74,User Management
102,74,2025-04-26,97.06,Dashboard
103,78,2025-12-03,99.71,User Management
104,4,2025-04-03,33.52,User Management
105,44,2025-06-29,1.73,API
106,73,2025-12-03,48.69,API
107,95,2025-11-21,116.65,Reporting
108,96,2025-09-29,26.6,Billing
109,59,2025-06-24,19.73,User Management
110,93,2025-06-16,93.44,Reporting
111,7,2025-03-21,19.73,Dashboard
112,87,2025-02-11,33.38,Billing
113,63,2025-11-07,53.6,User Management
114,28,2025-09-20,14.54,Billing
115,15,2025-05-26,81.71,Exports
116,68,2025-12-08,37.7,Integrations
117,51,2025-11-03,7.52,Integrations
118,39,2025-04-19,92.31,User Management
119,38,2025-06-17,15.28,Exports
120,96,2025-08-09,21.91,Billing
121,69,2025-12-27,28.38,Analytics
122,10,2025-07-23,103.55,Dashboard
123,56,2025-01-10,55.71,Reporting
124,41,2025-10-22,52.08,Billing
125,91,2025-11-24,50.71,Reporting
126,52,2025-01-11,115.98,API
127,80,2025-08-24,100.01,Analytics
128,12,2025-08-12,101.49,Integrations
129,56,2025-10-29,48.65,Reporting
130,51,2025-06-08,89.75,Integrations
131,43,2025-03-28,10.09,Reporting
132,68,2025-09-19,24.07,Analytics
133,45,2025-11-27,97.99,Integrations
134,14,2025-03-16,31.46,API
135,78,2025-03-20,91.47,Reporting
136,23,2025-11-18,59.8,Exports
137,88,2025-10-17,77.52,Analytics
138,81,2025-06-11,18.96,Reporting
139,61,2025-08-15,76.13,User Management
140,76,2025-01-29,42.88,Reporting
141,40,2025-08-25,54.78,Dashboard
142,48,2025-05-27,10.13,Reporting
143,79,2025-11-01,61.34,Exports
144,75,2025-10-11,114.55,Dashboard
145,58,2025-10-20,78.57,Analytics
146,78,2025-09-01,60.66,Dashboard
147,58,2025-02-22,97.51,Analytics
148,92,2025-02-13,61.04,API
149,6,2025-05-07,85.21,Exports
150,68,2025-09-25,73.57,Analytics
151,48,2025-05-25,47.1,Analytics
152,87,2025-11-03,7.23,Analytics
153,9,2025-06-18,12.25,Billing
154,37,2025-05-10,87.12,API
155,43,2025-02-11,70.35,API
156,45,2025-06-08,116.16,Billing
157,17,2025-11-01,85.35,Reporting
158,40,2025-10-14,45.82,Analytics
159,17,2025-12-10,84.64,Reporting
160,83,2025-12-10,51.39,Analytics
161,3,2025-07-05,37.76,Integrations
162,44,2025-09-06,23.85,API
163,20,2025-02-09,36.2,Reporting
164,65,2025-10-04,100.38,Dashboard
165,85,2025-06-22,105.29,API
166,77,2025-07-12,19.36,API
167,89,2025-11-16,97.28,API
168,93,2025-08-13,6.2,Analytics
169,87,2025-05-02,116.38,User Management
170,97,2025-08-18,28.85,Integrations
171,40,2025-08-29,108.57,Integrations
172,48,2025-12-14,113.71,Exports
173,60,2025-05-25,93.6,Billing
174,21,2025-04-13,96.35,API
175,33,2025-01-27,77.3,Analytics
176,71,2025-02-22,85.66,Reporting
177,37,2025-02-12,91.81,User Management
178,58,2025-09-20,18.53,Billing
179,12,2025-04-24,98.19,Analytics
180,4,2025-08-01,7.34,Analytics
181,31,2025-07-17,119.35,Analytics
182,29,2025-01-15,38.92,Reporting
183,92,2025-11-29,40.9,API
184,18,2025-01-20,35.14,Exports
185,90,2025-03-13,91.3,Exports
186,58,2025-11-12,1.62,Reporting
187,3,2025-05-12,26.66,API
188,71,2025-11-08,63.8,Reporting
189,100,2025-05-28,29.28,Reporting
190,7,2025-05-03,50.96,Exports
191,9,2025-02-26,100.57,Exports
192,77,2025-10-02,2.96,Integrations
193,92,2025-03-15,35.66,Dashboard
194,79,2025-06-30,29.63,Billing
195,24,2025-12-07,80.52,Analytics
196,9,2025-09-27,65.75,Dashboard
197,50,2025-08-29,6.18,Billing
198,48,2025-05-10,89.93,Analytics
199,9,2025-06-26,29.69,Reporting
200,99,2025-10-25,88.49,Analytics
201,18,2025-01-23,42.92,Analytics
202,83,2025-03-31,99.82,Exports
203,90,2025-09-03,76.18,API
204,9,2025-08-23,5.4,Integrations
205,6,2025-04-13,106.41,Analytics
206,40,2025-09-21,48.39,Exports
207,33,2025-01-19,90.64,Integrations
208,37,2025-07-02,103.59,Dashboard
209,84,2025-06-19,33.51,Analytics
210,56,2025-07-24,89.45,Billing
211,44,2025-04-06,60.05,Exports
212,48,2025-09-23,32.74,Reporting
213,94,2025-08-06,10.39,API
214,70,2025-05-31,39.22,Reporting
215,42,2025-12-05,36.18,Exports
216,78,2025-08-07,20.83,Exports
217,45,2025-08-17,6.04,Analytics
218,79,2025-08-11,33.67,Dashboard
219,10,2025-12-10,76.86,Analytics
220,66,2025-12-14,20.04,Dashboard
221,19,2025-11-08,81.69,Exports
222,5,2025-03-06,9.0,Analytics
223,47,2025-07-16,113.99,Dashboard
224,78,2025-03-20,81.81,Analytics
225,48,2025-08-16,91.81,API
226,68,2025-07-07,48.37,User Management
227,32,2025-02-28,4.08,API
228,64,2025-09-23,47.05,Reporting
229,34,2025-05-14,84.78,Integrations
230,79,2025-05-27,83.58,Exports
231,26,2025-03-04,17.15,Reporting
232,58,2025-03-30,107.94,Exports
233,12,2025-12-16,116.14,Analytics
234,86,2025-06-27,85.44,User Management
235,39,2025-03-22,85.71,API
236,47,2025-09-18,27.68,Integrations
237,18,2025-05-02,95.05,Dashboard
238,47,2025-10-11,69.1,Exports
239,71,2025-03-08,73.82,Reporting
240,9,2025-06-08,48.38,Exports
241,68,2025-07-30,92.53,Reporting
242,17,2025-06-12,77.44,Exports
243,60,2025-12-15,62.57,API
244,100,2025-10-10,77.14,API
245,99,2025-03-08,52.48,Dashboard
246,16,2025-09-23,19.21,API
247,21,2025-06-15,112.23,Integrations
248,45,2025-09-23,107.5,Reporting
249,33,2025-04-11,76.57,User Management
250,17,2025-11-17,37.04,Reporting
251,65,2025-11-25,21.07,API
252,22,2025-12-04,75.31,Analytics
253,73,2025-01-22,99.2,Dashboard
254,11,2025-01-24,113.88,User Management
255,84,2025-04-18,92.27,Billing
256,80,2025-11-24,4.6,User Management
257,83,2025-06-04,58.47,Billing
258,39,2025-08-21,9.68,Dashboard
259,21,2025-08-14,50.46,Exports
260,27,2025-06-24,73.19,Analytics
261,92,2025-06-13,88.37,Analytics
262,52,2025-03-08,91.52,Reporting
263,41,2025-05-04,56.51,User Management
264,58,2025-05-07,17.76,Dashboard
265,38,2025-07-16,103.84,Billing
266,32,2025-03-23,97.8,Analytics
267,25,2025-03-23,60.29,Exports
268,64,2025-06-07,60.19,Reporting
269,51,2025-09-16,55.41,Integrations
270,28,2025-10-26,42.99,Dashboard
271,37,2025-09-11,72.1,Exports
272,37,2025-10-02,1.97,Reporting
273,56,2025-03-10,106.01,Analytics
274,98,2025-07-26,44.55,Billing
275,7,2025-10-19,67.86,Analytics
276,71,2025-05-28,9.75,Exports
277,98,2025-10-09,34.29,Reporting
278,17,2025-02-19,47.87,Analytics
279,72,2025-07-07,90.84,Integrations
280,78,2025-09-18,48.77,Dashboard
281,6,2025-01-20,17.31,Analytics
282,61,2025-09-23,55.38,API
283,42,2025-11-10,38.91,Billing
284,79,2025-06-03,71.65,Exports
285,91,2025-10-16,36.68,Dashboard
286,48,2025-06-19,81.18,Billing
287,75,2025-06-07,95.81,Dashboard
288,77,2025-08-31,32.6,Integrations
289,93,2025-01-27,70.44,API
290,68,2025-11-19,86.82,Billing
291,19,2025-12-15,29.82,Reporting
292,25,2025-01-10,53.48,Billing
293,20,2025-07-31,83.17,Billing
294,65,2025-11-10,110.54,Dashboard
295,91,2025-03-12,62.72,Analytics
296,85,2025-09-02,63.53,Analytics
297,23,2025-08-24,109.54,Analytics
298,70,2025-07-01,81.43,User Management
299,79,2025-09-05,23.88,Integrations
300,36,2025-10-13,36.52,User Management
301,99,2025-05-28,84.88,Exports
302,41,2025-09-03,42.51,User Management
303,37,2025-03-04,69.24,Billing
304,51,2025-06-26,114.6,API
305,38,2025-01-22,35.23,Reporting
306,45,2025-08-15,79.06,Exports
307,28,2025-04-14,99.53,User Management
308,72,2025-12-23,33.32,Reporting
309,79,2025-10-28,29.47,Dashboard
310,86,2025-09-29,27.85,Integrations
311,7,2025-02-21,50.18,Exports
312,13,2025-12-15,92.72,Dashboard
313,71,2025-03-22,49.42,Exports
314,62,2025-11-30,24.74,User Management
315,42,2025-05-27,77.86,Reporting
316,84,2025-10-21,28.63,Dashboard
317,23,2025-08-02,105.99,API
318,5,2025-07-23,94.77,API
319,96,2025-05-29,105.33,Dashboard
320,39,2025-10-18,72.73,Analytics
321,37,2025-08-21,118.7,Exports
322,18,2025-09-16,56.69,Integrations
323,15,2025-06-19,20.34,Exports
324,83,2025-05-12,86.51,Dashboard
325,95,2025-06-22,95.1,Integrations
326,23,2025-11-09,102.88,Billing
327,55,2025-09-21,40.02,Billing
328,86,2025-02-18,22.99,API
329,62,2025-06-15,112.36,Dashboard
330,34,2025-07-16,29.03,User Management
331,43,2025-06-04,70.31,Dashboard
332,34,2025-12-01,43.79,Integrations
333,8,2025-12-08,15.07,User Management
334,21,2025-07-27,82.64,User Management
335,89,2025-03-02,77.01,User Management
336,48,2025-11-11,27.28,API
337,62,2025-03-20,55.14,Analytics
338,54,2025-12-26,66.36,Exports
339,97,2025-10-03,96.44,Integrations
340,98,2025-05-07,81.96,Reporting
341,68,2025-08-17,63.85,Analytics
342,10,2025-10-16,14.35,Integrations
343,74,2025-10-02,18.83,Analytics
344,67,2025-08-15,14.83,Integrations
345,92,2025-10-26,59.17,Exports
346,8,2025-08-21,16.7,Billing
347,59,2025-10-16,7.87,Exports
348,87,2025-06-07,87.07,Billing
349,33,2025-01-02,89.75,Reporting
350,6,2025-08-05,42.0,Reporting
351,70,2025-01-31,112.22,Reporting
352,61,2025-01-17,35.16,API
353,99,2025-03-11,92.13,Billing
354,48,2025-07-15,54.38,Billing
355,49,2025-02-11,82.24,API
356,84,2025-06-28,15.12,Billing
357,68,2025-03-07,87.62,Integrations
358,1,2025-01-12,117.44,Exports
359,87,2025-10-06,51.47,Billing
360,30,2025-05-07,55.81,API
361,36,2025-04-07,112.55,Reporting
362,5,2025-12-05,50.89,Dashboard
363,31,2025-04-16,9.01,Dashboard
364,58,2025-11-03,80.97,Dashboard
365,32,2025-01-23,48.87,Integrations
366,70,2025-04-22,90.77,Dashboard
367,18,2025-09-15,119.22,Integrations
368,94,2025-10-22,38.95,Analytics
369,31,2025-06-04,105.27,Integrations
370,53,2025-06-03,33.74,API
371,81,2025-12-14,51.84,Exports
372,7,2025-06-26,113.05,Billing
373,68,2025-06-13,83.86,Billing
374,20,2025-06-03,45.8,Exports
375,31,2025-04-26,36.79,API
376,60,2025-01-30,67.92,Billing
377,72,2025-09-29,16.96,Integrations
378,33,2025-04-15,40.3,Reporting
379,58,2025-07-09,12.0,Integrations
380,7,2025-05-18,45.88,Dashboard
381,10,2025-04-07,96.75,Integrations
382,62,2025-04-17,104.47,Analytics
383,39,2025-01-08,26.21,Integrations
384,95,2025-03-02,89.88,Exports
385,32,2025-12-23,72.92,Integrations
386,51,2025-05-03,66.7,User Management
387,49,2025-08-27,64.5,Analytics
388,40,2025-05-14,43.8,Exports
389,60,2025-02-20,96.54,Exports
390,98,2025-06-13,109.81,Analytics
391,41,2025-07-31,6.44,Integrations
392,95,2025-03-16,2.93,Billing
393,38,2025-03-20,24.35,Integrations
394,49,2025-10-19,100.17,Exports
395,71,2025-12-02,113.27,Analytics
396,33,2025-09-08,116.01,Exports
397,59,2025-03-28,88.2,Analytics
398,22,2025-03-13,86.72,Exports
399,24,2025-10-05,118.85,Dashboard
400,68,2025-01-18,100.85,Reporting
401,86,2025-01-25,91.96,Billing
402,18,2025-11-19,28.54,API
403,2,2025-04-22,61.18,Analytics
404,8,2025-11-13,76.89,Exports
405,85,2025-09-07,2.87,Billing
406,2,2025-01-09,64.0,User Management
407,69,2025-05-27,3.04,Billing
408,23,2025-02-24,110.25,API
409,31,2025-04-09,74.75,User Management
410,46,2025-05-17,95.6,Reporting
411,48,2025-07-27,55.62,Integrations
412,90,2025-04-26,36.7,Reporting
413,84,2025-11-29,91.39,Reporting
414,52,2025-07-14,45.88,Exports
415,8,2025-11-23,2.12,API
416,11,2025-09-13,101.59,Analytics
417,73,2025-02-18,107.48,Dashboard
418,30,2025-04-19,108.25,Exports
419,35,2025-01-24,110.97,User Management
420,70,2025-10-16,79.31,API
421,41,2025-01-09,115.41,API
422,97,2025-12-31,98.69,Reporting
423,39,2025-03-25,68.11,Billing
424,87,2025-10-04,40.48,API
425,89,2025-02-10,60.59,Analytics
426,7,2025-02-20,53.01,Reporting
427,44,2025-11-06,92.51,Billing
428,100,2025-06-17,4.53,User Management
429,58,2025-09-09,28.15,Billing
430,56,2025-04-06,81.88,Billing
431,11,2025-11-13,36.15,Integrations
432,92,2025-02-07,10.76,API
433,49,2025-12-31,94.28,API
434,95,2025-07-19,38.68,Reporting
435,12,2025-01-03,113.21,Exports
436,47,2025-05-19,13.17,Reporting
437,24,2025-08-09,54.41,Billing
438,14,2025-01-14,11.66,Reporting
439,77,2025-11-03,94.35,Billing
440,2,2025-05-30,50.24,Reporting
441,93,2025-10-14,108.72,Integrations
442,74,2025-09-24,21.18,Billing
443,22,2025-03-13,33.0,User Management
444,64,2025-03-16,8.53,Billing
445,36,2025-08-04,36.67,Reporting
446,47,2025-05-09,113.36,Exports
447,77,2025-11-12,24.27,Reporting
448,18,2025-06-05,1.81,Billing
449,43,2025-11-14,46.21,Analytics
450,57,2025-06-21,52.24,API
451,39,2025-06-14,72.78,Integrations
452,62,2025-06-10,22.14,Billing
453,41,2025-05-30,88.45,Exports
454,74,2025-05-05,39.78,User Management
455,51,2025-07-06,14.55,Integrations
456,76,2025-10-07,22.41,Dashboard
457,94,2025-08-25,113.21,Integrations
458,57,2025-05-30,99.92,Reporting
459,53,2025-12-11,60.42,User Management
460,31,2025-05-10,79.38,Billing
461,49,2025-02-07,54.44,Exports
462,75,2025-07-25,64.59,Billing
463,70,2025-01-19,95.1,Analytics
464,90,2025-10-02,71.66,Reporting
465,14,2025-05-08,79.25,Analytics
466,22,2025-11-28,73.91,Billing
467,97,2025-06-19,115.92,Billing
468,14,2025-01-06,12.73,Integrations
469,66,2025-09-23,67.4,Integrations
470,58,2025-07-11,47.54,API
471,45,2025-01-13,58.45,User Management
472,54,2025-02-13,14.81,API
473,45,2025-06-09,41.82,Integrations
474,67,2025-09-05,42.45,Reporting
475,57,2025-12-23,54.84,Reporting
476,39,2025-01-23,97.41,Reporting
477,3,2025-06-25,78.11,API
478,95,2025-05-05,62.4,API
479,43,2025-10-14,51.74,Exports
480,30,2025-07-27,75.94,API
481,82,2025-12-03,52.42,Dashboard
482,95,2025-11-11,106.09,Exports
483,76,2025-08-08,47.27,Integrations
484,27,2025-05-23,90.53,Reporting
485,74,2025-02-22,96.14,API
486,47,2025-06-16,24.45,Reporting
487,34,2025-12-10,103.65,Analytics
488,77,2025-07-18,73.75,Reporting
489,45,2025-06-30,101.62,API
490,87,2025-12-28,96.27,Reporting
491,87,2025-03-10,38.27,Integrations
492,40,2025-03-01,22.78,API
493,66,2025-07-18,50.77,API
494,74,2025-07-16,51.34,Exports
495,82,2025-10-03,83.52,API
496,72,2025-03-27,59.27,API
497,24,2025-06-11,101.2,Dashboard
498,46,2025-01-05,58.67,Integrations
499,50,2025-10-15,61.15,Exports
500,53,2025-12-17,59.52,Exports
501,63,2025-03-27,10.84,Dashboard
502,98,2025-04-23,35.76,User Management
503,29,2025-10-03,35.35,Exports
504,73,2025-09-11,66.42,Reporting
505,74,2025-02-28,32.88,Analytics
506,70,2025-01-22,91.44,Exports
507,70,2025-04-22,118.78,Reporting
508,95,2025-12-01,90.41,User Management
509,5,2025-08-19,32.28,Reporting
510,57,2025-03-02,93.3,Integrations
511,27,2025-10-29,83.01,Billing
512,22,2025-11-12,17.57,Integrations
513,27,2025-01-31,68.84,User Management
514,77,2025-10-03,21.04,User Management
515,38,2025-10-21,32.81,Reporting
516,18,2025-07-30,110.33,User Management
517,84,2025-03-06,84.47,API
518,32,2025-03-16,85.66,Integrations
519,98,2025-12-13,47.73,API
520,74,2025-11-20,32.98,Billing
521,49,2025-08-20,9.99,Reporting
522,52,2025-09-21,90.23,Analytics
523,59,2025-09-07,39.95,Dashboard
524,100,2025-02-17,87.98,Exports
525,82,2025-12-07,83.98,Reporting
526,69,2025-07-23,26.92,Billing
527,28,2025-09-11,32.96,User Management
528,44,2025-10-08,69.77,Exports
529,44,2025-12-16,91.71,Dashboard
530,13,2025-11-17,94.28,Exports
531,3,2025-03-05,111.6,API
532,57,2025-08-22,1.08,Billing
533,26,2025-12-19,109.22,User Management
534,21,2025-05-21,12.11,Analytics
535,33,2025-02-12,45.25,API
536,7,2025-07-22,75.45,Integrations
537,55,2025-12-02,11.85,Reporting
538,1,2025-04-20,57.74,API
539,76,2025-04-26,62.81,Exports
540,2,2025-01-05,83.78,Reporting
541,55,2025-12-22,16.73,Reporting
542,30,2025-07-16,11.63,Reporting
543,14,2025-06-10,44.74,User Management
544,18,2025-07-15,93.04,API
545,83,2025-12-13,18.0,Dashboard
546,79,2025-11-29,20.53,Analytics
547,93,2025-04-20,75.74,API
548,53,2025-11-12,82.7,Integrations
549,12,2025-02-21,17.66,Reporting
550,76,2025-07-16,42.83,Billing
551,41,2025-03-13,30.49,Reporting
552,32,2025-10-11,72.52,User Management
553,100,2025-12-20,4.19,User Management
554,27,2025-09-23,73.22,Integrations
555,96,2025-07-20,36.17,Dashboard
556,31,2025-09-11,46.92,Integrations
557,64,2025-11-23,71.68,Dashboard
558,47,2025-06-12,16.71,Billing
559,47,2025-10-07,82.27,Exports
560,99,2025-02-07,2.99,Reporting
561,2,2025-05-15,26.67,Dashboard
562,51,2025-09-17,35.09,Billing
563,55,2025-12-26,48.87,API
564,36,2025-02-12,37.88,Integrations
565,20,2025-10-02,39.88,Reporting
566,40,2025-12-24,53.06,Integrations
567,8,2025-05-06,11.26,Billing
568,15,2025-08-21,73.86,Dashboard
569,40,2025-12-08,89.26,API
570,16,2025-01-07,85.24,Dashboard
571,21,2025-09-12,114.41,User Management
572,22,2025-07-10,16.1,User Management
573,94,2025-03-02,92.8,Dashboard
574,43,2025-08-08,33.37,Reporting
575,34,2025-12-31,117.03,Reporting
576,64,2025-08-22,61.78,Dashboard
577,64,2025-10-18,20.86,API
578,33,2025-02-22,107.42,Reporting
579,30,2025-09-18,1.31,Dashboard
580,32,2025-01-24,57.14,Billing
581,20,2025-04-02,111.81,Dashboard
582,71,2026-01-01,89.14,Billing
583,29,2025-06-14,30.54,Analytics
584,35,2025-02-09,69.01,Reporting
585,65,2025-12-11,108.33,API
586,29,2025-09-22,117.79,Billing
587,9,2025-08-27,104.06,User Management
588,42,2025-02-14,66.82,Dashboard
589,48,2025-04-13,35.7,User Management
590,95,2025-11-15,29.87,Analytics
591,76,2025-09-10,119.74,Integrations
592,94,2025-10-07,91.5,Integrations
593,20,2025-01-04,111.96,Dashboard
594,30,2025-10-05,42.22,Dashboard
595,43,2025-01-01,91.31,Billing
596,95,2025-06-07,13.37,Integrations
597,54,2025-09-09,115.38,API
598,92,2025-05-24,12.07,Integrations
599,67,2025-07-31,84.4,Analytics
600,59,2025-02-13,70.11,API
601,82,2025-07-21,9.9,Dashboard
602,56,2025-12-06,115.74,Integrations
603,38,2025-05-14,102.26,Billing
604,90,2025-06-17,38.85,User Management
605,30,2025-02-08,113.28,API
606,100,2025-10-27,13.97,Reporting
607,22,2025-08-19,56.46,Billing
608,16,2025-10-02,43.64,Integrations
609,58,2025-06-07,56.14,Reporting
610,12,2025-03-22,97.1,User Management
611,91,2025-12-23,72.79,Integrations
612,42,2025-03-17,11.85,Integrations
613,46,2025-07-22,62.1,User Management
614,34,2025-03-31,4.7,Billing
615,58,2025-10-12,90.02,Integrations
616,13,2025-08-25,13.13,API
617,16,2025-01-07,8.34,Integrations
618,17,2025-04-12,99.02,Analytics
619,88,2025-11-19,112.57,Reporting
620,75,2025-10-28,31.8,Reporting
621,3,2025-02-03,24.53,Exports
622,17,2025-02-17,108.7,Analytics
623,16,2025-01-22,113.13,Dashboard
624,22,2025-10-21,52.55,Billing
625,64,2025-01-16,46.54,Billing
626,23,2025-07-01,26.55,API
627,36,2025-05-24,54.08,API
628,5,2025-11-11,74.68,Integrations
629,83,2025-06-01,60.37,Exports
630,8,2025-02-14,34.29,API
631,54,2025-04-13,77.48,Integrations
632,81,2025-10-06,95.59,Billing
633,92,2025-07-03,58.08,Exports
634,45,2025-10-17,60.78,Billing
635,35,2025-04-03,4.1,Integrations
636,4,2025-05-24,7.97,Exports
637,68,2025-07-03,92.25,Integrations
638,21,2025-02-21,30.49,Integrations
639,35,2025-10-01,98.14,Dashboard
640,98,2025-04-23,69.51,Billing
641,46,2025-03-30,21.96,Analytics
642,95,2025-12-24,43.7,Dashboard
643,91,2025-12-25,42.85,API
644,73,2025-04-07,100.57,Exports
645,70,2025-06-08,21.89,Dashboard
646,12,2025-01-29,28.68,Integrations
647,3,2025-09-27,57.88,Analytics
648,79,2025-04-14,96.97,Analytics
649,92,2025-04-01,110.33,Analytics
650,8,2025-01-12,18.58,API
651,100,2025-02-26,101.73,Analytics
652,10,2025-07-11,84.84,Billing
653,76,2025-02-21,41.05,Analytics
654,18,2025-03-22,88.15,Billing
655,82,2025-09-07,78.25,API
656,91,2025-10-15,83.53,Analytics
657,29,2025-12-07,71.09,API
658,49,2025-06-07,88.35,User Management
659,17,2025-04-01,87.73,Billing
660,99,2025-10-18,4.85,Analytics
661,79,2025-04-24,77.12,Reporting
662,64,2025-03-14,40.41,Reporting
663,31,2025-06-27,117.9,API
664,82,2025-02-15,98.78,Analytics
665,58,2025-01-06,32.56,Integrations
666,89,2025-02-04,42.71,Reporting
667,93,2025-01-01,6.73,Exports
668,94,2025-08-03,116.32,Billing
669,64,2025-07-13,42.8,Billing
670,13,2025-09-03,94.86,Integrations
671,21,2025-08-20,9.77,Dashboard
672,38,2025-01-11,38.93,Reporting
673,10,2025-06-25,21.24,Billing
674,21,2025-02-08,66.1,Reporting
675,44,2025-11-01,118.25,Exports
676,91,2025-01-16,52.33,API
677,78,2025-08-11,19.7,Reporting
678,43,2025-04-16,116.95,Billing
679,90,2025-10-11,86.92,User Management
680,85,2025-05-25,36.39,Reporting
681,7,2025-07-21,69.04,Exports
682,20,2025-01-28,43.94,Billing
683,12,2025-05-31,99.04,Exports
684,26,2025-02-19,4.06,API
685,82,2025-05-30,117.27,Exports
686,15,2025-06-07,94.4,Exports
687,63,2025-12-05,32.54,Billing
688,24,2025-07-09,106.37,Analytics
689,24,2025-08-17,6.31,Exports
690,60,2025-05-15,27.92,User Management
691,73,2025-02-01,18.98,Reporting
692,11,2025-12-09,41.91,Billing
693,97,2025-10-29,28.07,Dashboard
694,50,2025-09-25,50.82,Exports
695,74,2025-05-01,57.68,Reporting
696,51,2026-01-01,5.13,API
697,16,2025-08-18,21.57,API
698,28,2025-04-09,16.02,Billing
699,11,2025-12-16,52.81,API
700,77,2025-05-13,39.05,Reporting
701,12,2025-07-18,67.21,Analytics
702,36,2025-09-24,55.52,Dashboard
703,90,2025-11-16,70.92,Billing
704,15,2025-08-01,18.81,Reporting
705,14,2025-10-16,93.77,User Management
706,69,2025-06-26,105.47,User Management
707,50,2025-12-02,58.78,Exports
708,5,2025-03-30,33.77,API
709,80,2025-11-08,82.02,Billing
710,5,2025-07-22,106.86,Analytics
711,89,2025-05-02,6.87,Exports
712,35,2025-07-10,3.41,User Management
713,40,2025-05-24,101.3,Reporting
714,30,2025-03-10,36.76,Exports
715,100,2025-06-14,33.06,Billing
716,78,2025-11-27,11.63,Exports
717,28,2025-07-28,89.17,Analytics
718,8,2025-09-21,95.19,Reporting
719,40,2025-12-30,61.31,API
720,100,2025-09-26,105.64,Dashboard
721,23,2025-04-09,105.15,Integrations
722,8,2025-05-08,4.94,Dashboard
723,47,2025-12-27,24.69,Analytics
724,60,2025-09-16,48.24,Reporting
725,88,2025-01-16,29.79,Exports
726,77,2025-08-17,22.13,Exports
727,76,2025-10-10,42.62,API
728,34,2025-12-19,11.76,Dashboard
729,50,2025-01-26,20.39,Integrations
730,29,2025-11-28,27.79,Integrations
731,35,2025-11-30,49.73,Dashboard
732,100,2025-12-16,2.06,API
733,83,2025-03-30,72.54,Dashboard
734,29,2025-05-10,73.39,User Management
735,92,2025-12-30,77.49,Billing
736,49,2025-06-28,55.62,Integrations
737,60,2025-06-04,81.59,Billing
738,75,2025-02-22,1.87,Analytics
739,72,2025-11-28,71.66,User Management
740,39,2025-12-17,13.86,Reporting
741,44,2025-05-22,77.23,User Management
742,34,2025-12-02,85.62,User Management
743,25,2025-03-18,62.56,Integrations
744,8,2025-11-04,49.09,Analytics
745,88,2025-03-13,86.83,Exports
746,38,2025-05-13,108.92,Billing
747,50,2025-01-19,70.38,Integrations
748,44,2026-01-01,27.46,Exports
749,86,2025-07-03,61.37,API
750,85,2025-10-13,22.56,Reporting
751,61,2025-03-07,89.17,API
752,88,2025-06-21,78.88,Integrations
753,46,2025-04-25,89.56,User Management
754,54,2025-06-19,45.23,User Management
755,60,2025-03-02,56.99,Reporting
756,61,2025-04-10,60.56,Billing
757,68,2025-06-02,50.16,API
758,18,2025-04-13,41.78,Exports
759,19,2025-06-11,103.62,API
760,100,2025-02-11,59.02,API
761,41,2025-11-21,7.9,Exports
762,36,2025-04-18,91.58,API
763,74,2025-03-23,59.26,Reporting
764,17,2025-11-11,52.61,Billing
765,52,2025-08-08,115.87,Billing
766,1,2025-01-20,64.52,Analytics
767,2,2025-06-14,91.06,Integrations
768,3,2025-12-13,1.49,Integrations
769,29,2025-12-22,105.36,User Management
770,17,2025-02-22,46.64,User Management
771,22,2025-02-03,99.04,User Management
772,38,2025-08-22,87.61,Analytics
773,56,2025-12-18,119.46,Analytics
774,63,2025-07-03,90.26,API
775,52,2025-01-10,28.18,API
776,28,2025-01-12,71.17,API
777,16,2025-07-07,85.62,Dashboard
778,49,2025-11-24,31.44,Dashboard
779,77,2025-01-25,79.77,Dashboard
780,7,2025-12-20,14.78,Exports
781,49,2025-03-05,66.13,Exports
782,90,2025-03-20,25.45,Dashboard
783,39,2025-08-04,79.74,User Management
784,80,2025-11-07,84.39,Billing
785,14,2025-09-19,86.53,Reporting
786,37,2025-02-28,94.39,Exports
787,26,2025-11-08,24.77,User Management
788,67,2025-04-14,43.59,Billing
789,38,2025-03-24,5.69,Exports
790,27,2025-12-19,112.04,Analytics
791,31,2025-01-02,2.52,Reporting
792,15,2025-10-21,80.61,API
793,12,2025-09-19,9.93,Reporting
794,33,2025-11-26,28.51,User Management
795,34,2025-08-26,6.96,API
796,6,2025-05-29,43.87,Analytics
797,55,2025-03-01,12.3,Dashboard
798,2,2025-03-12,79.94,API
799,43,2025-07-03,107.45,User Management
800,94,2025-02-17,45.34,Analytics
801,24,2025-02-28,48.69,Exports
802,35,2025-07-17,83.1,Exports
803,54,2025-11-29,106.45,API
804,15,2025-03-09,83.84,Dashboard
805,21,2025-02-23,50.51,Exports
806,73,2025-12-14,53.14,Billing
807,100,2025-07-03,73.75,API
808,62,2025-09-07,14.44,Billing
809,57,2025-01-24,8.54,Analytics
810,2,2025-12-27,104.33,Integrations
811,86,2025-06-23,62.77,Reporting
812,56,2025-12-05,87.47,Exports
813,45,2025-12-06,81.48,Billing
814,20,2025-10-13,107.16,Dashboard
815,2,2025-11-26,112.19,Exports
816,64,2025-03-26,9.91,Exports
817,42,2025-05-04,40.38,User Management
818,7,2025-09-17,27.5,Billing
819,52,2025-05-01,10.38,Exports
820,74,2025-08-18,11.47,Exports
821,58,2025-06-11,15.13,Exports
822,96,2025-12-01,3.11,Billing
823,53,2025-01-19,67.3,Dashboard
824,12,2025-11-06,115.62,User Management
825,66,2025-10-15,25.62,Exports
826,44,2025-07-06,99.21,Integrations
827,59,2025-06-19,67.66,Exports
828,92,2025-12-03,44.23,Exports
829,15,2025-02-19,91.36,Integrations
830,1,2025-06-24,43.26,User Management
831,71,2025-09-25,45.49,Reporting
832,6,2025-03-26,59.6,Billing
833,14,2025-05-11,73.69,Integrations
834,16,2025-07-21,26.66,Integrations
835,92,2025-06-23,13.82,Billing
836,6,2025-11-21,100.66,Reporting
837,99,2025-08-19,55.43,API
838,64,2025-01-03,64.11,Dashboard
839,71,2025-08-10,100.82,Exports
840,66,2025-04-01,83.33,API
841,94,2025-03-07,13.32,Analytics
842,65,2025-07-16,50.82,Integrations
843,36,2025-07-23,115.67,User Management
844,58,2025-03-10,17.44,User Management
845,90,2025-10-08,103.42,Integrations
846,26,2025-04-18,75.28,User Management
847,88,2025-06-26,110.62,API
848,91,2025-11-29,117.05,API
849,65,2025-10-05,83.62,Analytics
850,91,2025-03-01,91.53,Exports
851,75,2025-10-20,113.18,Billing
852,87,2025-10-01,35.03,Billing
853,2,2025-09-25,13.67,Billing
854,19,2025-01-28,80.76,Integrations
855,35,2025-03-24,118.04,User Management
856,19,2025-02-01,83.18,User Management
857,27,2025-10-05,4.84,Exports
858,14,2025-11-12,104.3,Integrations
859,96,2025-11-28,67.79,Integrations
860,66,2025-12-23,35.23,Dashboard
861,49,2025-07-18,50.57,Analytics
862,71,2025-01-28,2.54,User Management
863,26,2025-11-14,104.39,Exports
864,29,2025-11-21,84.85,Analytics
865,97,2025-10-29,66.05,Integrations
866,100,2025-04-10,36.01,API
867,88,2025-02-08,23.25,API
868,95,2025-09-21,15.2,Dashboard
869,55,2025-05-23,67.24,API
870,21,2025-10-27,101.68,Dashboard
871,43,2025-08-27,85.45,API
872,6,2025-03-20,111.51,Dashboard
873,100,2025-11-17,74.26,User Management
874,63,2025-10-21,66.47,Reporting
875,91,2025-06-12,63.52,API
876,67,2025-02-04,94.56,API
877,54,2025-10-06,64.91,Reporting
878,45,2025-04-24,106.12,Analytics
879,43,2025-07-04,35.94,Exports
880,72,2025-11-29,2.05,Analytics
881,58,2025-05-04,108.64,Integrations
882,6,2025-12-16,106.39,Billing
883,15,2025-07-17,31.53,User Management
884,4,2025-09-22,98.83,Analytics
885,66,2025-09-18,54.02,Dashboard
886,38,2025-11-30,23.91,Reporting
887,13,2025-03-27,116.62,Dashboard
888,81,2025-02-03,26.08,Integrations
889,88,2025-08-06,100.44,Integrations
890,69,2025-12-26,105.56,Billing
891,83,2025-02-06,89.88,API
892,4,2025-08-24,86.31,Dashboard
893,12,2025-02-07,7.46,User Management
894,72,2025-02-06,69.42,Integrations
895,34,2025-07-28,47.18,Billing
896,56,2025-06-11,3.01,Reporting
897,69,2025-01-04,77.33,Reporting
898,97,2025-10-27,6.42,Reporting
899,46,2025-09-15,13.63,User Management
900,78,2025-02-14,34.5,Exports
901,49,2025-07-22,98.83,Dashboard
902,61,2025-03-22,64.48,API
903,96,2025-07-20,95.82,User Management
904,82,2025-03-15,36.47,Analytics
905,2,2025-10-11,105.1,API
906,16,2025-01-22,1.6,Billing
907,69,2025-10-08,113.69,User Management
908,27,2025-06-26,26.2,API
909,21,2025-04-05,27.27,User Management
910,25,2025-02-28,22.58,Dashboard
911,97,2025-10-09,55.89,Reporting
912,38,2025-12-10,9.02,Reporting
913,26,2025-10-25,58.98,Analytics
914,46,2025-03-07,80.88,Integrations
915,13,2025-05-26,74.72,Integrations
916,41,2025-09-06,54.63,User Management
917,89,2025-10-27,19.14,Analytics
918,41,2025-08-08,21.07,Analytics
919,32,2025-04-24,85.75,Billing
920,36,2025-07-04,16.98,Analytics
921,62,2025-08-25,54.0,User Management
922,63,2025-10-10,13.95,Reporting
923,36,2025-03-13,107.06,Integrations
924,34,2025-11-17,10.1,Reporting
925,3,2025-09-17,76.16,Billing
926,99,2025-10-30,26.32,Dashboard
927,71,2025-05-14,65.67,Exports
928,84,2025-03-18,44.53,Integrations
929,99,2025-10-29,88.25,User Management
930,18,2025-08-26,60.63,Reporting
931,51,2025-07-06,60.76,Integrations
932,79,2025-12-17,20.74,API
933,58,2025-03-23,22.32,API
934,95,2025-09-05,112.76,Dashboard
935,29,2025-09-07,28.58,User Management
936,48,2025-04-30,6.09,Integrations
937,67,2025-07-04,47.18,Exports
938,6,2025-01-21,117.69,Analytics
939,14,2025-12-27,116.24,User Management
940,95,2025-05-15,69.86,API
941,49,2025-12-01,46.04,Reporting
942,67,2025-05-09,45.78,Integrations
943,67,2025-07-27,42.99,Analytics
944,63,2025-09-04,106.57,Dashboard
945,65,2025-03-13,53.35,Integrations
946,10,2025-09-21,77.57,Integrations
947,20,2025-04-06,19.73,Reporting
948,85,2025-04-28,50.34,Analytics
949,93,2025-02-28,58.3,Exports
950,62,2025-04-18,71.3,Billing
951,3,2025-05-05,6.13,API
952,18,2025-11-19,62.0,API
953,8,2025-03-27,31.73,API
954,67,2025-07-27,72.32,Dashboard
955,93,2025-12-05,98.74,Reporting
956,28,2025-08-18,73.18,Exports
957,62,2025-03-29,27.1,Billing
958,77,2025-03-15,95.56,API
959,80,2025-12-04,61.79,API
960,93,2025-12-18,41.78,Exports
961,77,2025-10-30,9.19,Billing
962,50,2025-03-09,13.92,Integrations
963,67,2025-09-16,82.44,API
964,78,2025-02-19,22.11,Dashboard
965,69,2025-09-15,90.53,Reporting
966,62,2025-12-04,16.51,Dashboard
967,100,2025-12-14,78.26,Billing
968,48,2025-01-23,84.02,Billing
969,30,2025-09-04,94.96,Billing
970,45,2025-10-29,96.75,Reporting
971,55,2025-03-10,31.29,Integrations
972,11,2025-05-26,72.2,Billing
973,33,2025-04-07,1.65,Dashboard
974,74,2025-09-25,15.02,Dashboard
975,49,2025-12-02,25.44,Analytics
976,53,2025-07-05,13.68,Billing
977,84,2025-10-27,31.18,Billing
978,73,2025-07-07,73.81,Billing
979,97,2025-04-15,50.17,Exports
980,23,2025-07-09,67.53,Exports
981,33,2025-06-07,69.74,Billing
982,95,2025-03-12,102.74,Reporting
983,96,2025-04-28,54.14,API
984,13,2025-04-20,61.49,Analytics
985,71,2025-11-11,83.95,Dashboard
986,21,2025-07-19,115.78,Dashboard
987,12,2025-03-16,57.13,Billing
988,12,2025-02-02,32.31,Analytics
989,11,2025-11-08,5.49,Billing
990,52,2025-11-11,79.08,User Management
991,92,2025-11-02,7.84,API
992,82,2025-09-11,53.24,Integrations
993,85,2025-09-23,35.03,Dashboard
994,77,2025-09-19,62.38,Integrations
995,79,2025-03-28,81.21,Analytics
996,31,2025-12-02,1.03,API
997,12,2025-05-22,93.78,Analytics
998,86,2025-07-22,49.25,Integrations
999,67,2025-01-08,88.69,Reporting
1000,12,2025-10-09,34.85,Analytics
